Submitter ID,SampleType,D50,LOI mg/kg,Li7(LR),B11(LR),Na23(MR),Mg25(MR),Al27(MR),P31(MR),S32(MR),K39(HR),Ca42(MR),Sc45(MR),Ti49(MR),V51(MR),Cr52(MR),Mn55(MR),Fe56(MR),Co59(MR),Ni60(MR),Cu63(MR),Zn66(MR),Ga71(LR),As75(HR),Se82(LR),Rb85(LR),Sr88(MR),Y89(LR),Nb93(LR),Mo95(LR),Rh103(LR),Pd105(LR),Ag109(LR),Cd111(LR),Sn118(LR),Sb121(LR),Cs133(LR),Ba138(MR),La139(LR),Ce140(LR),Pr141(LR),Nd146(LR),Sm149(LR),Eu151(LR),Dy163(LR),Ho165(LR),Yb172(LR),W184(LR),Pt195(LR),Tl205(LR),Pb(sum),Bi209(LR),Th232(LR),U238(LR)
PLUM - BANK - 76,Bank,0.001655172,51000,38.49961594,83.65159734,7758.36793,12358.60685,44991.58339,900.2518494,977.8857167,29704.32788,29274.69924,10.86758924,4579.838484,87.10589597,65.03623324,640.5152775,34280.6395,13.83202187,37.30515429,31.15874717,77.75892176,17.52000626,4.102630368,4.93967851,43.49747403,117.2721301,19.907443,12.16090606,0.427852039,0.010952287,4.443706647,1.028773651,0.269243108,2.036304969,0.479822283,3.078277406,456.83562,18.24114797,38.4000253,6.272474018,20.28395289,5.200093801,1.274706968,4.406436108,0.910386142,2.829772648,1.173022766,0.177768584,0.617290552,16.68214217,0.166080229,8.894598752,2.761798715
PLUM - BANK - 77,Bank,0.002530303,60300,37.51772066,79.23398237,7291.877158,31261.88794,65700.35557,821.0965893,1003.720083,29908.7648,61108.62018,10.09736018,4064.736056,84.40215903,62.28111986,680.9798666,34195.71103,14.47950026,36.7008015,32.93403279,65.98802976,17.04476461,4.027253722,4.877246672,88.14382908,132.0733838,23.63312699,10.96875134,0.441563061,0.011465858,4.608605128,1.058958464,0.286136783,1.958987985,0.442913381,3.085875622,475.2191698,28.76946484,61.48969941,5.615825165,27.47386009,4.446004975,1.139290137,3.871083044,0.796218045,2.597739532,1.078051175,0.175601571,0.571149355,13.66110825,0.15008424,7.87999781,2.720654377
PLUM - BANK - 79,Bank,0.00142446,48100,31.99290362,77.53562808,6903.74325,16710.10561,49686.71019,675.6856486,341.143987,29114.92612,29401.82241,9.868490586,4722.344631,98.75673081,71.81928139,623.1575229,41297.28083,15.98342451,41.01093498,38.40485642,65.88116243,19.83449206,4.191148566,5.504848467,55.82983175,96.10944241,25.71883257,12.21325047,0.42788023,0.01172342,3.418288035,0.61038078,0.271350466,2.22497715,0.540642808,3.570937444,460.5889649,23.4762712,39.51243357,5.314246494,22.37019172,4.798487098,1.239430224,4.708248144,0.938700719,2.896321437,1.263896317,0.09347712,0.643748577,14.6880495,0.194666304,9.693830431,2.778651643
PLUM - BANK - 80,Bank,0.001594828,41700,36.60922716,82.36618286,6555.102124,40657.26293,62211.19231,716.3464748,688.0210218,27143.92315,80511.04943,12.12627827,3585.825383,83.7452206,59.3792128,534.0583004,33540.72437,13.11432976,34.93346137,37.02612562,56.92436503,16.07904734,3.7128868,4.12089387,82.11733139,122.9059795,22.30910624,10.17054898,0.404319019,0.012597455,5.873882223,0.871828664,0.201729053,1.703278598,0.420629116,3.339847057,440.6402486,28.1776345,59.60797254,7.565581442,26.27460989,5.628251684,1.337154876,4.739995575,0.978964498,2.920581153,0.980028524,0.139366818,0.50738229,11.77627898,0.126257142,9.4393291,2.464973084
PLUM - BANK - 81,Bank,0.001641667,42500,44.79431247,80.55745703,7375.284808,13291.63835,57678.45374,856.0349783,778.300082,28570.73708,18096.59375,12.04989365,4853.971352,106.9476656,77.13188842,704.0705416,43326.55642,17.56256493,47.60816537,40.48742336,73.11093999,21.03231775,3.999698619,3.953994144,41.17859726,95.84700089,21.34537047,12.9000788,0.446993102,0.011525584,5.594243553,0.861466047,0.209240245,1.741715746,0.448387009,3.319778086,474.6729785,24.87882485,55.60767259,7.786039684,26.89219772,5.794426318,1.376609379,4.902991298,1.00223621,2.963592907,1.043648454,0.125250141,0.516713439,15.0772186,0.141270012,10.47480786,2.559181138
PLUM - BANK - 81R,Bank,0.002030534,60300,37.89528673,77.68178597,7459.219585,15459.4087,57225.17903,1037.774978,927.0688425,27825.4847,20508.76669,11.23509232,4628.379953,95.02887315,70.24170297,491.8808778,38723.25001,14.16742713,39.71123655,33.59710953,75.1992435,18.61860279,4.254644827,3.306160612,46.32168493,104.6559644,18.97098449,12.35483306,0.459384371,0.011930479,6.080295989,0.91098441,0.190975541,1.766446152,0.408968265,3.178309884,457.7460634,21.61906336,43.81079932,7.52484048,21.82602335,5.607402172,1.332852159,4.65794806,0.955378676,2.836881272,0.978786227,0.132480067,0.487136932,14.83613592,0.13207265,9.290053291,2.295286804
PLUM - BANK - 82,Bank,0.003095652,59000,27.10507652,76.13664425,7704.082879,26962.11362,64043.25731,983.8966022,1304.484076,29730.54022,41118.52879,10.45570192,4501.401646,85.19491799,62.74110258,675.3419,35881.31937,14.79664081,24.68509462,30.96094177,68.0834835,16.2595108,3.881331494,4.685428434,80.2752361,130.6500578,23.33739462,11.12389299,0.441300674,0.014550593,2.332755023,0.393444206,0.307821341,1.910317183,0.479908939,3.256551456,484.1355442,27.62838259,58.73874872,7.387495803,25.00925832,5.623483883,1.409425215,4.95155797,0.997647289,2.977692105,1.036640407,0.04945867,0.597304834,14.02290094,0.16447057,9.512872076,2.688998422
PLUM - BANK - 83,Bank,0.00166129,55400,32.39838667,86.59729642,7131.466861,11675.80996,43343.3268,730.579495,497.6114036,28941.77187,30393.77177,8.771504433,4661.879307,96.57914193,69.85650621,562.6242317,38925.92583,14.8599843,40.23251255,37.15359234,67.90718796,19.2536258,4.918124001,5.435135143,32.48708577,107.4103194,20.36419896,12.155929,0.466740176,0.011248867,3.227472,0.883380845,0.27472252,2.265499267,0.494523935,2.348825786,432.8591467,18.06449914,41.22017339,4.396361954,19.91406455,4.190736696,1.032926467,3.873005368,0.803389839,2.431558547,1.090971651,0.136290314,0.576041703,14.61533961,0.156746327,7.315164707,2.598797417
PLUM - BANK - 86,Bank,0.001666667,40200,36.68753441,88.93112573,6688.570565,33983.68721,65606.77625,702.5194835,811.4775104,27562.79901,72097.18238,13.31608985,3805.232954,85.93982365,62.23496488,558.5744777,34494.1475,13.83736024,38.64033915,33.41029311,60.58057887,17.22732827,5.135533221,4.804248555,86.60230988,124.1540045,22.55631267,10.31532181,0.459532359,0.011356147,6.530909871,0.979001451,0.248696939,1.949577323,0.46759821,3.620735921,468.1303032,27.31031253,58.11616078,8.620852718,25.88635065,6.797542082,1.593779924,5.60291216,1.154225578,3.431633536,1.108182395,0.162850568,0.562584589,11.91858458,0.16200829,10.46853618,2.493669796
PLUM - BANK - 87,Bank,0.00133871,56300,31.1138381,85.71186907,6363.034528,31664.91698,64834.09957,726.9999064,452.9161375,30064.56294,71365.2272,12.31705103,3967.319054,88.3946952,64.00924047,595.3615187,37823.78644,14.71355192,36.53300414,38.55979968,59.92352015,17.7650208,5.06055076,4.078978934,90.24295422,126.5423224,24.60953599,10.60624169,0.509674702,0.012908171,5.080560758,0.798500905,0.214946411,1.846588494,0.477389824,3.311922321,458.7581437,33.42032493,64.98470127,8.270174401,28.68694722,6.166240382,1.42857054,5.070826652,1.021253461,2.905533201,1.052499749,0.124230849,0.519980416,12.25401235,0.13733892,10.95617749,2.877148501
PLUM - BANK - 89,Bank,0.001881188,48900,39.64627693,79.81719908,6951.12316,24807.09816,68459.23946,721.1353825,684.9418277,28868.95885,47794.09987,9.921884802,4222.862142,95.19210463,69.94929115,600.8545458,39996.37855,15.46767315,42.20784613,39.63565995,65.37745339,19.35329995,4.205406765,3.782022496,88.04915158,116.9417217,26.93822652,11.71693249,0.444903414,0.010629004,5.800727796,0.987166829,0.223640519,1.815636654,0.432286001,3.213455661,503.3128108,30.83328315,66.90919462,6.94295105,30.62300927,5.595079436,1.374600155,4.814776359,0.985158564,2.988626457,1.048107196,0.158112048,0.549414806,14.05505634,0.134088976,8.321231248,2.380629257
PLUM - BANK - 90,Bank,0.001376,62100,32.24975055,84.34495023,6550.993949,29244.96535,61844.61368,750.2970802,509.6251139,30171.48935,57222.00641,12.96178102,4177.165403,92.54674788,69.60285838,591.318414,38213.53789,15.92473397,40.09819208,40.1128415,71.43792031,18.55461756,4.799180383,4.877909579,86.54089426,123.1751066,25.29126279,10.86875696,0.497330005,0.012756585,4.942137204,0.764008069,0.247258953,1.957021673,0.477731939,3.706154842,480.8380984,30.22385851,63.65895042,8.098964987,27.90421638,5.973812772,1.410410571,5.05063978,1.023123549,2.909075325,1.066605661,0.12113687,0.53370944,13.06162445,0.140564769,10.84255729,2.853436885
PLUM - BANK - 92,Bank,0.001700935,58200,31.47566477,84.30188158,7242.754457,14432.40402,53008.15383,866.0661101,1064.974518,30807.4849,26505.87575,8.843473683,4750.381527,92.50659144,72.00557162,688.4282516,39463.52518,16.21627462,32.10526475,35.25348517,77.8289488,19.00521148,4.35672738,5.219381336,41.45889765,108.0967698,21.12689496,11.93946267,0.599743311,0.015417172,2.115183261,0.483659562,0.346744246,2.221904931,0.545377261,3.325469535,455.2601739,22.29593234,45.61622519,5.884500366,22.79868815,5.072109386,1.302071677,4.620459517,0.942439242,2.89731212,1.167146723,0.059439006,0.730967251,13.99194697,0.200730708,9.100786924,3.187030145
PLUM - BANK - 93,Bank,0.001449153,56300,30.75919328,85.73525619,6360.323777,17821.64846,44786.63254,751.3217948,76.07893693,31238.89505,43314.5501,8.868091703,4342.113215,94.11720814,66.87577758,541.2585707,38368.98542,14.60469949,37.41933376,36.42558186,63.5906639,19.01161259,4.371416689,5.179206968,94.13905884,102.8701925,26.95348526,11.23950995,0.425431789,0.012118361,3.869835278,0.553210245,0.245902765,2.060712633,0.494352952,3.640391875,460.6297456,26.96967235,54.33324056,6.39286513,25.63900724,5.532776379,1.3026049,4.944415449,0.989642197,2.894131316,1.130015917,0.083557085,0.593517445,13.45420591,0.171361145,9.847692607,2.513132208
PLUM - BANK - 95,Bank,0.002106195,40900,33.3801135,65.77494607,7644.601138,8367.269701,47716.63672,862.5625847,410.0300385,28271.27932,9108.551036,7.542929183,5041.051664,91.47447148,71.3119585,442.3375604,39013.43481,13.70902039,33.20143071,27.36354331,79.75181916,19.32792905,3.261018276,4.505055343,36.6357824,112.0320968,9.049271993,13.18559435,0.468757697,0.011866062,1.18363869,0.629607786,0.314765477,2.134541598,0.42071404,2.542894089,459.2736423,10.89799109,19.70164502,2.226148211,10.50761578,1.937047205,0.580877216,1.76332903,0.357215431,1.244608649,1.201921193,0.10801075,0.648783174,15.54117732,0.180190255,5.183812003,3.236583314
PLUM - CROP - 0   ,Ag,0.002429448,76200,35.72951625,71.95329487,6414.477649,7385.117789,34658.33264,966.3676588,415.033646,29433.38739,7794.590028,5.079283537,4555.017644,83.87718411,64.96813781,454.2125083,34288.75718,10.91507627,29.67875171,43.91603407,86.51905643,16.86535126,4.006396658,1.028885206,24.3938082,86.1024967,7.592899874,14.70741095,0.596836556,0.006899949,0.571002201,0.417832214,0.505544702,2.240599537,0.514622646,2.774286139,465.6723138,7.434699391,18.34096951,2.471047681,10.2138619,2.2755214,0.598262521,2.255014124,0.457118017,1.587618833,1.272017807,0.044767832,0.714455692,21.62252655,0.239573576,6.11787621,4.422956312
PLUM - CROP - 01    ,Ag,0.003659574,46700,25.2745329,60.40047608,6862.810197,11431.76351,66908.92714,647.5745831,333.9165438,33310.72277,11162.89652,9.40272014,5007.373595,77.37416505,57.03629851,445.2356338,33585.76231,10.14438989,24.63880351,22.92622834,71.33940576,14.34995999,3.486197344,1.391663157,63.2871361,113.3335669,16.52223594,13.09637844,0.653986725,0.020812961,1.531772541,0.51043531,0.360128803,1.613171584,0.547195835,2.648245363,547.0472177,18.95678382,42.87156809,4.769837423,18.45890783,3.624518865,0.882256578,3.228802778,0.661653987,2.068213582,0.972580873,0.070744256,0.542497498,16.85266656,0.14079426,7.239360887,2.419956215
PLUM - CROP - 02,Ag,0.002921053,58000,38.5438209,67.02028164,6131.077562,7769.190212,44255.53565,972.7186756,279.5247316,28850.41886,11185.34893,4.710815208,4903.921982,96.21182092,77.0455243,501.4144456,40134.12673,13.94922812,33.96786907,30.61770192,103.1403736,20.30890101,3.732600009,4.375993009,45.01934146,76.7275213,9.566279761,13.47394589,0.65089464,0.007449295,0.830728225,0.780673185,0.350645567,2.789193831,0.504752978,2.214032222,400.9003229,16.62226374,28.13612314,1.224484585,14.07636942,2.387920037,0.496682344,1.142601861,0.238244322,0.918720198,1.281084017,0.112685666,0.670019444,25.41623251,0.20026526,7.579997385,3.223799407
PLUM - CROP - 03  ,Ag,0.003766871,63500,26.51926622,56.70680892,6730.837456,6768.225639,37537.51279,756.5773463,324.3738453,31482.41207,6372.234355,3.336473765,4751.736583,73.5845202,53.27987588,372.3293353,29259.44905,8.729658514,21.49767874,21.20470202,58.82609387,14.14191722,2.900779871,1.304945686,28.87761372,82.23155247,4.452984352,14.40045757,0.652264782,0.006969366,0.36125134,0.391644325,0.373181614,1.883772843,0.502625247,2.546048263,455.8886271,5.504834941,12.33441781,1.531677643,6.081126744,1.307789679,0.395288656,1.204776589,0.249289567,0.946606641,1.203126014,0.044557348,0.648748894,20.76386913,0.187632329,3.979962677,3.638466015
PLUM - CROP - 04    ,Ag,0.003802632,98500,29.40241184,52.95654699,7292.509038,8554.884007,62461.58606,1300.284302,683.1593086,30921.50416,12398.25627,9.046004862,4406.777985,77.16097091,56.71051255,432.3566183,27350.74197,9.166203694,24.75332294,38.88218315,139.801991,14.85538037,3.553072879,1.34758774,53.62459253,119.1106311,17.73058073,12.46100134,0.638814086,0.019287341,1.722237386,0.453794254,0.693854328,1.810911876,0.458166323,2.665253142,524.314663,19.31189515,41.86131756,5.280580412,20.33875916,4.070340256,0.945909774,3.583574255,0.723872052,2.177319826,0.951127437,0.059050113,0.569180331,20.82949951,0.120787045,7.276367763,3.305623167
PLUM - CROP - 05,Ag,0.003263804,57800,26.98892406,50.94949637,7266.69001,5384.225732,49369.37644,799.5260106,410.1807911,33216.85192,5521.981273,5.089487254,5075.006126,80.03174972,58.04089417,383.3223377,30431.72443,10.04021943,25.07418943,24.86225787,82.39692453,16.55096256,3.15561191,4.621832737,68.34818924,89.56573114,8.424518087,13.9428101,0.57585588,0.00823726,0.79658537,0.818365921,0.359261402,1.957514425,0.442065043,2.192279005,472.7492896,18.19999962,30.36536195,1.339247201,15.15257123,2.434999816,0.558216344,1.048843865,0.220768632,0.86302162,1.26604049,0.133211943,0.596956848,17.14344328,0.156511734,9.422253222,2.985852987
PLUM - CROP - 06,Ag,0.003794286,45900,24.00946289,48.45519629,7656.486516,4363.780475,42381.3934,467.0799671,344.8058199,31064.97629,5718.011682,4.340547829,4858.364534,73.5308528,53.44438442,344.1698961,27276.5223,9.114775329,22.98629995,21.79604982,56.98651961,14.81919198,3.013820596,4.793708795,68.99931745,89.59345841,8.339052512,13.19432856,0.537209596,0.008325525,0.895230866,0.853507275,0.289857957,1.684967428,0.419823271,2.014075748,455.8876937,16.7457871,28.52078915,1.413475352,13.77127845,2.513808983,0.58480875,1.082032881,0.225472199,0.88275078,1.254117509,0.13992971,0.553207513,17.59571685,0.15588278,7.70817661,2.58762546
PLUM - CROP - 07  ,Ag,0.005076023,55000,24.24781625,49.59067338,8121.415662,7239.037297,42543.67328,715.2397794,334.8938335,31880.66961,8355.633905,6.461207396,4120.846777,65.30150011,48.52941409,369.0964556,25314.57472,8.451794258,19.62605441,45.35814175,59.12793643,13.15986525,3.00089252,1.392515503,36.85218627,117.5395907,8.030792208,12.99038523,0.49877644,0.006775026,0.541998284,0.307663401,0.342315868,1.613434167,0.423830646,2.13140871,522.4696015,9.289106657,23.59201019,2.789717379,11.07246876,2.33525363,0.628572881,2.208865468,0.447190255,1.603873101,0.993736089,0.039521587,0.571640507,19.37833537,0.208545916,6.07174639,2.696306691
PLUM - CROP - 08  ,Ag,0.003593407,69100,24.65459747,53.00772774,7032.169559,10092.96707,46182.77526,603.4932417,329.2909209,31294.5624,15446.08999,7.614763572,4235.754617,67.50052089,50.2978037,412.2107389,25956.01259,8.948193223,20.27475523,29.43602741,57.65784074,13.3913279,3.931256924,1.024538918,41.84511712,110.4512421,12.1908845,13.9132907,0.613008007,0.008050982,0.896559434,0.359183676,0.339288532,1.856451474,0.505978896,2.45365045,559.6643103,13.51026488,32.39335532,3.781299067,15.14852239,3.183157753,0.831721958,3.153800563,0.641974784,2.179219087,1.132001864,0.046078375,0.63246529,23.07099362,0.192895005,7.633166098,3.328734894
PLUM - CROP - 09,Ag,0.003565217,64000,25.04670934,60.04513558,7581.191113,4415.74852,40534.26916,869.9923014,1739.231366,29844.41534,8992.160225,4.353053442,4764.513965,84.15313182,59.58268328,476.4530936,32378.73639,11.68634969,25.40676784,46.33836025,87.86763463,16.03451364,3.813609543,4.295023897,35.83074076,95.77404028,5.332767508,13.79856211,0.590850677,0.01226452,0.550074723,0.448824635,0.31279769,1.91313109,0.511879083,2.278939615,485.40376,6.356067631,13.54279651,1.534720573,6.612322016,1.220652734,0.465151346,1.065196702,0.220220131,0.860713009,1.044430726,0.056882095,0.581307,20.55511728,0.221542713,3.156740485,2.705808829
PLUM - CROP - 10    ,Ag,0.002897436,57500,26.92334242,68.19193277,6155.680034,11562.795,53888.66293,860.145792,294.2179483,35991.09973,43684.11287,10.6839314,3545.770485,84.2226832,61.21650644,458.28523,26151.37673,11.8437558,25.77735354,23.43925613,75.6682633,17.04300593,4.453498445,1.253735985,75.39400779,112.1613655,19.43227752,13.41186202,0.565418659,0.015166034,1.716026119,0.377271753,0.32215939,1.902560072,0.538341462,2.955445698,556.0799324,24.18957305,54.35587938,6.0056153,23.32010416,4.527184388,1.048086046,3.813209771,0.772735933,2.38197707,0.969065854,0.046870697,0.564793622,16.88437558,0.129251445,8.507699696,2.54052186
PLUM - CROP - 11,Ag,0.003367816,72300,33.19152416,46.6880832,7589.452295,5611.85759,54192.49629,1027.477914,362.6986397,29478.24098,6977.278708,7.002976763,4736.659578,81.60824455,61.61366338,302.9821827,31197.95811,9.299576267,27.09543511,31.94050512,81.34435763,17.08306488,2.903698642,5.277918374,75.71412106,93.53720382,15.40399521,13.14355507,0.746279142,0.009221655,1.514665578,0.814358048,0.434591031,1.940911128,0.413390625,2.511796879,472.5201257,30.2954138,49.44764483,2.486051928,25.85957623,4.897992836,0.917646484,2.027781038,0.405648029,1.376073914,1.29790417,0.13106358,0.659749799,18.62752189,0.173744217,13.2164007,4.120059048
PLUM - CROP - 13    ,Ag,0.003810651,94900,32.11635143,50.5486485,7514.881159,10772.28894,51684.42381,999.3765183,693.7879387,29872.0689,12614.90624,10.84632665,4716.530744,79.46539384,58.07125243,284.1329406,30359.07032,11.49180217,27.89629613,33.11440941,77.15714569,14.93634124,3.595056932,1.50944836,64.96465442,122.1338056,21.77323772,12.33751022,0.747334086,0.017925,2.01179258,0.442479938,0.545237964,1.747883562,0.455338175,2.80279288,523.907952,26.98333349,57.23604631,6.768810113,25.91716501,5.072986945,1.18043537,4.030039261,0.811944999,2.430246145,0.981616218,0.058174361,0.551763545,18.97845281,0.132903458,8.253415526,3.612497774
PLUM - CROP - 14,Ag,0.00369697,60500,30.81461017,42.35150756,9021.212248,6722.941582,54881.30811,828.1568233,561.5222182,31740.25842,6539.605244,5.887554369,4515.251154,82.14660564,60.40001217,474.0519759,31818.49222,11.21278011,27.69937205,29.8497592,80.80383376,16.76063639,2.911466391,4.49271062,108.3723777,112.3841994,20.88248101,12.41146417,0.726891042,0.009510989,1.960797123,0.726785413,0.38816721,1.761780005,0.391141146,2.461981093,522.3020291,38.03965739,58.17383794,3.034681823,31.43631322,5.565286818,1.031654687,2.303102972,0.46156556,1.527260434,1.144316232,0.117638006,0.591781241,18.09030683,0.164448672,11.92779519,3.363496672
PLUM - CROP - 2R,Ag,0.002886076,56900,27.48226386,61.43795316,8604.475009,5009.700787,50133.6009,742.0655635,1523.561063,30939.6328,7111.583497,4.442675526,4945.011757,83.47207634,64.3271176,446.6290156,33009.05026,10.70301076,25.27876383,22.44658688,73.08172122,16.83465991,3.681278336,5.470573695,48.03877404,108.3018546,5.543618033,14.40248789,0.648866692,0.012638572,0.506713434,0.486275197,0.338689711,1.910744709,0.470343053,2.551683631,538.0057545,7.663895052,14.12755914,1.378060756,6.98513691,1.086262707,0.46001856,0.950269069,0.193485084,0.701620644,1.097015158,0.056444758,0.620366901,19.1332678,0.175813243,2.981849011,3.064278514
PLUM - FOREST - 15,Forest,0.001993056,102000,24.72678235,58.99364075,6820.233345,3209.29069,32373.85891,633.7600475,811.6076765,24957.41119,11609.45457,3.620767855,4483.420508,78.63746634,56.04840836,614.7932938,31887.10636,12.56765206,25.2154071,23.73808407,66.9272501,14.83534024,4.28580117,5.05873883,36.42231444,77.94691888,7.973344269,12.84427533,0.640632891,0.009881662,0.697112118,0.477441152,0.409302048,2.001294742,0.61754111,2.24967152,360.5761303,7.871001111,16.9668092,1.812886808,8.39224558,1.555816382,0.487226069,1.529209819,0.313750402,1.140870613,1.081078595,0.051926913,0.569565571,24.1773584,0.186123091,3.011373609,2.768293116
PLUM - FOREST - 16,Forest,0.003990338,127000,21.78900809,51.96720543,7995.123714,6058.52647,41742.20068,1040.238886,921.3447374,26353.00685,12754.23888,6.403354472,4409.180182,75.42321977,54.3082309,662.2725262,29151.93076,12.16863839,27.59963083,23.7611811,68.12186217,15.26768226,2.779280459,4.988032029,46.51872744,91.63489789,15.35729286,11.39490401,0.533516022,0.008899465,1.947166443,0.552919221,0.397829262,1.73172392,0.473101789,2.374797387,408.799402,14.70543172,25.6598845,3.185362818,14.02358709,2.882191669,0.778455187,2.62032989,0.533173386,1.768106932,1.050700887,0.084631957,0.507660956,20.00136825,0.153812493,5.479467189,2.201773062
PLUM - FOREST - 17,Forest,0.002014286,131000,25.28930359,69.3826591,6502.570846,13973.68367,48693.52325,1293.401806,939.6456446,25688.68397,25621.04034,8.643646564,4012.059126,83.88941234,60.61491576,643.8378319,35426.83477,13.88269514,32.25622633,32.45122775,80.63530202,15.52207445,4.557804107,4.948195148,43.12727225,100.366098,18.68122971,10.88471512,0.603257104,0.01510925,2.106950921,0.440328716,0.407842942,2.127582305,0.551170408,2.936019058,416.3551029,17.41045309,35.70543458,4.976554784,17.89555713,4.115459561,1.121131799,3.765227104,0.766938112,2.361797498,0.969844086,0.048793213,0.570146893,19.00589172,0.187241372,7.140676289,2.510658456
PLUM - FOREST - 18,Forest,0.003421053,122000,23.79701602,62.43799576,7371.207305,6031.726742,43196.97979,700.269163,1241.214455,30860.88392,11026.19059,5.303185253,4823.980703,74.70358112,56.60030347,520.8701927,29730.89909,11.23510787,21.32314379,23.78631786,65.31808278,14.27296229,3.713314093,4.529835993,49.85923684,90.98593981,9.385750103,12.58294183,0.615339851,0.010539309,0.869301237,0.425432305,0.318416818,1.869894403,0.531338888,2.593745345,438.8671916,10.76577657,20.40667742,2.58259304,9.926373362,2.03815742,0.627730555,1.806957333,0.379000304,1.399727297,1.060816158,0.050407903,0.605146017,20.56978365,0.173049649,4.364715403,2.498506529
PLUM - FOREST - 19,Forest,0.00281768,210000,31.61030356,61.58510672,5426.368048,9333.668494,38873.23896,1177.611557,786.838591,28096.40461,10382.09922,6.751594903,4500.221827,73.19124854,55.80474619,556.0768128,32145.29403,9.921535575,25.59912858,25.88526144,77.89393348,14.61803831,3.811618526,1.075990233,23.92420908,80.91774533,9.70201617,14.00455575,0.7184914,0.006744815,0.690009943,0.452772558,0.591555593,2.117503778,0.552069446,2.735536126,447.9585205,9.865803741,25.51805563,3.233493409,13.35587351,2.923586533,0.731939566,2.827909305,0.563590836,1.920378368,1.242899721,0.036520293,0.673272753,25.57338346,0.243029814,7.291702631,4.271863829
PLUM - FOREST - 20,Forest,0.00295283,136000,27.97435321,64.43153208,6455.473092,4445.435463,35649.72549,851.4163287,853.0821185,28095.91859,9271.300437,4.730555669,4909.605639,79.3002847,60.76554608,734.7989255,32172.14116,12.93657951,29.12095566,25.63150782,73.33209829,16.82546296,4.126862021,5.334909198,36.31728713,77.25222977,7.646560899,13.04499645,0.708671715,0.008769498,0.822935497,0.623369287,0.413360643,2.177610553,0.595974856,2.229265301,426.9381112,8.952393716,18.0530953,1.558162006,7.45087765,1.302419931,0.413221722,1.288152032,0.264681372,1.005651313,1.248610806,0.087787016,0.597392751,24.06762209,0.193866275,4.070282768,2.881440965
PLUM - FOREST - 21,Forest,0.00347486,120000,26.32242628,75.54758624,7654.351023,8389.065518,37796.91372,1238.078945,1449.957045,26559.34006,21079.78654,6.758517277,4769.426786,85.28376056,64.22700501,700.9839999,36783.67913,15.21301468,31.03944112,33.75711144,80.17538585,16.44415548,6.561222588,4.914189992,23.97029723,95.26243723,17.00059908,11.90588139,0.607971723,0.011884424,1.602612823,0.423939198,0.416435236,2.008354366,0.55829164,2.596774897,370.6585606,14.28640799,30.29848781,4.320142405,16.13158796,3.849344123,1.004166032,3.556609004,0.722450183,2.320811701,1.04124976,0.05615575,0.62200734,24.02811448,0.194150002,6.485319507,2.737176595
PLUM - FOREST - 22,Forest,0.003764706,101000,20.11956621,57.73725235,6995.024328,18540.04739,48256.81443,1066.213521,1021.670684,25308.72335,35191.35349,8.001277949,3680.25818,71.66602218,50.8961908,537.869025,28999.21765,11.30618612,26.73913425,24.98593118,63.40127442,13.24681068,2.892153376,5.579142862,60.08765911,122.3515522,18.78332895,9.76072351,0.449890789,0.016965356,2.051225838,0.376974855,0.319179282,1.54579847,0.409898822,2.466369814,430.5186063,18.54806361,42.13345284,5.116084408,18.40538792,4.154230954,1.14186739,3.770040224,0.761368284,2.287250385,0.832219016,0.05104396,0.480978414,15.02387281,0.144659724,6.661205972,2.198846761
PLUM - FOREST - 22 R,Forest,0.003647059,112000,23.67775572,63.57324493,7693.754381,24395.09182,56049.82737,1206.087107,1153.554841,26450.56164,40372.81955,8.91973772,4075.91929,74.07554758,55.47055744,598.8951931,30737.36998,12.25006747,30.6293719,28.12321792,71.53818662,14.12762941,3.360521294,5.26430759,81.27921504,125.6019184,20.29084008,9.957755461,0.525453123,0.012872015,1.977486928,0.34656191,0.29228931,1.696692539,0.434417508,2.77190701,456.5321294,21.20248669,47.15864707,6.094503022,20.72646123,4.711068302,1.20848492,4.145894294,0.838563626,2.472679568,0.876865185,0.042899249,0.515160973,14.16783209,0.144350934,7.721884879,2.372960143
PLUM - FOREST - 23,Forest,0.005487923,117000,24.6254897,62.19317154,7381.927675,5796.223666,24760.8651,1128.676165,1038.928046,25703.6332,22798.86013,5.131367083,4242.699426,76.09635738,56.1996927,570.0356207,30458.38438,11.85555477,27.44644079,27.39610765,68.26439725,15.43553752,3.059109112,5.414036972,41.01486562,102.569567,17.71151798,10.97856588,0.50915778,0.010307698,2.124893836,0.499592294,0.348333949,1.786320495,0.439168357,2.34353494,379.1180528,13.98580579,27.57344784,3.290856326,14.98147167,3.120736411,0.801771114,3.029393883,0.617098711,1.906296905,1.02941557,0.080392107,0.497456647,18.04575792,0.146283403,4.86069164,2.21689655
PLUM - FOREST - 24,Forest,0.00448731,119000,20.71147634,48.6722106,7199.697235,5119.634181,43395.91234,904.1446605,962.8616857,26098.67461,10943.12241,5.372343717,4302.945872,74.1462204,53.91376734,489.8837997,28580.72025,11.14614084,23.17380117,18.97427708,68.92635799,13.93179161,3.07592119,4.63785432,42.73824789,89.6328989,9.46191595,11.76051038,0.542864867,0.011550555,0.922465825,0.408002978,0.361362342,1.64142943,0.47373545,2.317469377,421.6076042,9.708756683,17.65103339,2.363455434,9.392081109,1.942156639,0.62019977,1.759183227,0.365937791,1.26785875,0.966225884,0.048984286,0.523616669,18.96379718,0.148498295,3.741356314,2.282292062
PLUM - FOREST - 25,Forest,0.002287081,132000,30.44738297,76.78543809,7086.52574,10122.59855,64232.42923,1010.516792,1771.27647,33135.08873,12097.57882,8.001802706,4988.368607,90.28551393,67.43626711,754.6030845,37708.07433,14.99110597,27.323043,32.97302351,82.15990032,17.08569764,5.212825477,4.631838411,74.15810433,100.6349602,14.90546199,12.88760689,0.682595063,0.013089883,1.390670734,0.518494804,0.470013792,2.194354377,0.744582104,3.325164586,500.2673261,19.09347717,34.70640022,4.162645707,17.17151635,3.134619223,0.896709091,2.725057086,0.558415963,1.937076182,1.165812958,0.062594107,0.692342541,30.78910434,0.226270389,6.357231157,3.33923488
PLUM - FOREST - 26    ,Forest,0.005051429,122000,22.54536725,44.99262847,8539.323438,6715.46701,45255.76749,895.504374,714.9090454,28027.18278,12584.37825,6.555861102,5182.921441,59.88275282,46.19361694,437.0087469,23964.23229,7.151281501,18.14602954,17.61304172,116.521527,12.28147654,2.913558186,0.361948615,55.82467522,123.7243884,13.68405583,12.30001012,0.621058348,0.020663091,1.187187453,0.410988914,0.647065512,1.600182208,0.469305223,2.221919548,517.4594415,16.92658285,35.53360493,4.169719234,15.8598197,2.936407532,0.768117072,2.597079423,0.517443981,1.666976841,0.94475332,0.051178732,0.488817758,25.02814263,0.129156961,5.451414591,2.325812808
PLUM - FOREST - 27,Forest,0.004530387,111000,26.03540131,48.7501503,6034.159476,4964.987023,37348.75369,689.2221416,473.5027669,27862.90451,7245.860325,4.298382628,4436.478528,63.86706169,48.62195767,446.1598551,24574.82404,7.816286517,18.86283531,16.41813155,61.76332739,12.85611731,3.23363796,0.995013753,38.4328404,85.27612738,7.09238564,14.44382955,0.742954801,0.006352217,0.552675582,0.395598144,0.375675816,2.065847078,0.544845767,2.560342847,454.4132053,10.23846531,23.3230225,2.773950012,10.69109027,2.064258038,0.546026025,1.855473788,0.373756331,1.353262124,1.230276894,0.040454129,0.638598881,26.53747726,0.210262449,5.499025764,2.777762947
PLUM - FOREST - 28,Forest,0.005868263,109000,23.87660906,34.70818871,8217.282155,1515.764928,38172.8164,849.7725524,672.6100018,24743.23107,7953.899758,4.104017027,4032.301491,57.21490457,44.66987565,450.508254,20330.05563,7.134399745,18.20356286,16.1471907,73.54219155,13.57400158,2.411547945,5.422355955,73.76738666,90.8344119,13.47083452,11.61217328,0.702745111,0.007872661,1.4762292,0.73176457,0.443114801,1.701068161,0.440166901,2.27945857,410.8263223,22.81216396,36.32093121,2.235723821,19.9556351,4.125341069,0.809331793,1.789292437,0.370947651,1.286182228,1.167848124,0.12366583,0.582954095,22.66144768,0.181083777,9.064633052,2.496585438
PLUM - FOREST - 29,Forest,0.004022099,135000,23.45695799,43.13400528,6662.923848,5840.966083,33605.03574,654.8863175,658.299095,25583.98897,8838.532626,2.887772817,4032.13454,55.28684419,41.52180238,319.3308603,20893.32578,5.93803343,15.24142402,15.57487644,62.8979255,12.0418399,2.400902617,1.812755505,28.58269122,91.73342681,4.41146343,13.18778783,0.610174387,0.006674839,0.363339606,0.361846238,0.483038932,1.832252725,0.500639962,2.368022309,457.1548748,5.159182305,11.43814027,1.436860163,5.723711533,1.13656451,0.366408897,1.196976984,0.25003813,1.009349343,1.13828099,0.036918921,0.630327166,30.15346265,0.201929796,3.110178971,2.589287923
PLUM - GULLY - 60,Gully,0.002325581,55200,26.66156513,67.42663726,7172.522486,25465.87653,61796.51277,1038.612016,1289.939668,28148.48426,43355.13694,9.613234156,3999.355175,82.44370775,61.56285646,622.8649144,34928.31186,13.52998271,30.59798696,27.88394211,70.60282758,15.71395189,4.072964845,5.033207296,73.63599409,135.403636,23.45608862,11.06970461,0.451466668,0.014872683,2.107592946,0.384946881,0.314065997,1.832382667,0.476187087,2.868146218,476.5622042,24.89181698,54.80737431,6.322729989,24.52913094,4.896456472,1.245277265,4.281086612,0.866059887,2.508725044,0.872102342,0.039629093,0.496207538,15.78578457,0.149185897,7.9238759,2.469285464
PLUM - GULLY - 61,Gully,0.001785714,65100,29.13434897,81.61095102,7137.573028,8968.296251,36420.41185,736.8207506,49.89503477,26693.39919,24789.60034,7.035988764,4940.167314,94.89905714,69.08095975,652.5443528,39159.23624,14.82607089,49.15393541,31.84535249,66.49885024,17.83141956,4.892179,4.950634056,21.00874181,92.97725424,16.18565716,12.31327134,0.43584616,0.009184665,1.351497755,0.385706878,0.242957969,2.018666242,0.528561866,2.631400206,378.1563798,13.78393987,32.89179012,4.186257502,16.18593976,3.717629024,0.91404059,3.547805946,0.721838525,2.297792516,1.089833012,0.049916406,0.621309247,14.64863191,0.165598454,6.319519113,2.518483439
PLUM - GULLY - 62,Gully,0.0020125,49800,27.05080713,71.6681111,6507.484549,9992.352951,42833.08976,777.0663373,335.1497775,28266.50405,23723.99611,7.77811728,4268.334598,87.09908235,64.1612034,545.9741614,37509.07824,13.87420925,35.14638344,30.4264928,70.91877491,16.99873584,4.943287446,4.893638837,33.88455508,95.35663227,17.86702932,11.91161457,0.447981832,0.012858971,1.772029756,0.449141144,0.317304309,2.279077439,0.561241383,2.941570746,416.6011916,17.57095313,36.85281751,4.855037093,18.51524855,4.018147942,1.043906531,3.60598663,0.737363155,2.300123101,1.016820117,0.050810057,0.60579506,17.53005587,0.183352429,7.529735574,2.666030927
PLUM - GULLY - 63,Gully,0.00357265,48200,23.93310205,61.15123604,7631.952813,16496.73173,55723.03513,914.2915482,542.2507832,25900.00273,26882.16515,8.841244661,4118.380997,79.68613255,57.97483111,489.7346962,33894.50824,11.54040529,28.93212447,25.04708339,66.78946542,15.24715764,3.941165552,5.111447928,60.87684808,119.2781402,21.46935097,11.27784693,0.406377031,0.012858304,1.65976607,0.404627617,0.278570865,1.872673291,0.447147057,2.326121178,445.9091274,22.16594143,44.34868672,4.4227547,21.50050568,3.85275722,1.037357706,3.602714195,0.740078659,2.247108278,0.949260673,0.045893626,0.538687328,15.6677841,0.155433212,6.121313072,2.422042785
PLUM - GULLY - 64,Gully,0.001471074,45100,30.31762853,79.14845376,6655.015234,32898.8396,70391.74493,791.3663509,410.6808677,30838.31668,55055.79254,11.74866752,4008.177297,94.86911837,66.25765527,571.9254115,40341.83883,15.19403953,40.16328987,39.1679545,67.94981304,18.0303156,5.849473906,5.173971644,94.60897455,117.84255,26.66517696,11.13707452,0.476546274,0.015712071,2.693885255,0.383199467,0.209567012,1.920656929,0.516350099,3.779633643,516.7536936,30.15822254,63.85630965,7.893294939,29.04195846,6.050354798,1.495685631,5.136571622,1.033589902,2.959786056,0.990007818,0.042239613,0.567750994,13.53084737,0.172669167,10.30162774,2.605279724
PLUM - GULLY - 65,Gully,0.001244898,45100,31.09108997,91.53119172,6750.037339,36753.54559,66695.39499,763.4409151,730.2157172,30607.65913,75303.4831,11.60018678,4140.708591,88.2389636,67.21032286,580.411873,37108.21488,14.37778119,34.86630483,34.85704856,61.10731951,16.23936841,4.338329654,3.7117407,88.65303697,123.5592549,24.27678084,10.43175139,0.523600371,0.013579149,2.302242149,0.344909183,0.175223187,1.896288138,0.476608787,3.659648705,447.6449216,29.56761706,61.27071532,8.1393359,26.70239343,6.094101236,1.427835476,5.188909237,1.038045056,2.967542884,0.992830888,0.039303976,0.571983267,10.9833367,0.160831013,10.80526764,2.922721793
PLUM - GULLY - 65 R,Gully,0.001327586,43200,30.32041866,82.29141512,6661.35595,39920.94036,65211.40457,738.7579887,935.308637,28997.98844,73587.3498,10.9686788,4025.758549,87.55446928,61.34667239,564.4206969,36140.77126,14.52366313,34.22716193,34.2143608,56.49098014,17.44170669,3.807107722,4.005005945,98.6701755,127.2248979,28.73553788,10.41188996,0.560226038,0.012271437,3.986454965,0.506861641,0.19029118,1.881307933,0.447092913,2.898563596,455.492527,38.11419964,69.75901156,8.09231125,30.47915575,6.165077962,1.433956168,5.166622304,1.029834397,2.962525051,1.094475918,0.076660741,0.557926366,11.65756894,0.150885973,11.90968951,3.046728476
PLUM - GULLY - 66,Gully,0.003060773,87100,26.89559162,62.88729626,7510.727912,11190.83051,63317.05902,950.8895775,1064.665313,31477.6084,13217.16223,9.050747634,4672.295857,83.74529976,60.6897891,653.2320682,33743.97499,13.68648993,29.97916649,25.07737166,76.75021258,16.14963119,4.25462745,4.895193899,67.93630334,113.3728394,16.53357378,13.40163406,0.504540377,0.013912576,1.669447073,0.488014469,0.450013061,1.97044429,0.544788628,3.067456803,541.5082168,18.83339832,35.72307534,4.74110528,18.2056577,3.662695587,1.030570252,3.25459679,0.671153897,2.205789546,1.072522138,0.053910173,0.603968731,20.2532177,0.178614963,6.476585432,3.106109922
PLUM - GULLY - 67,Gully,0.001831933,50500,30.73878825,80.47834168,7318.505369,15350.45598,53626.85602,891.8604169,1384.628186,31283.92401,29431.99066,9.545745789,4490.106359,95.24831299,67.62666139,527.0709108,39663.81036,14.4888931,36.66932426,32.96741442,72.86534432,18.32501619,4.440891864,5.077683968,45.58296681,115.8295203,22.10395234,13.12477131,0.461178522,0.012571606,1.914376514,0.412019671,0.27382724,1.931330685,0.474187103,3.063463821,487.7956539,19.74970938,37.17482812,5.132486552,20.89704772,4.393225847,1.133163082,4.020953921,0.824020224,2.497734107,1.002360253,0.0462029,0.579458514,15.69562426,0.166585637,7.084253323,2.667271794
PLUM - GULLY - 68,Gully,0.00208805,43200,30.41684073,69.6973026,6680.88768,16888.00367,55619.23764,731.1529338,418.4005571,32013.59083,33007.16708,9.07539653,4273.893261,91.50194471,65.24206897,513.7650815,37008.84,13.44649296,37.11103571,31.54357797,71.58789522,18.75916998,3.926378229,4.850998449,105.5524599,107.8215268,40.17683318,11.76194936,0.410060354,0.009519512,4.25691803,0.67844853,0.259015216,1.918943722,0.423719487,3.07809058,469.90255,63.34109487,98.26989442,5.87164604,49.70766224,10.54235005,1.670346618,4.380977448,0.886353723,2.740100204,1.176491729,0.11123017,0.593637308,15.0896782,0.159536615,18.66467224,2.674933996
PLUM - GULLY - 69,Gully,0.002671233,73200,28.88348407,74.93238508,8352.293375,10751.09175,56433.9975,1008.957788,899.4527057,30704.20991,14403.10704,7.398821377,5122.385172,89.0982486,68.83073413,613.2167993,37041.13223,13.1737397,39.14697934,30.13405238,82.68308138,17.21905226,3.858197918,4.655479868,51.10099772,101.7922985,11.48574473,12.84516157,0.53980907,0.010013407,0.941815175,0.405577161,0.35879799,1.989207904,0.541156171,2.817810036,485.4560018,13.18662789,24.60784435,3.220096082,12.78374282,2.518258504,0.708240369,2.299413894,0.473297957,1.658958326,1.053287107,0.050430599,0.619366397,18.040243,0.172365839,5.110679471,2.976815094
PLUM - GULLY - 70,Gully,0.003173333,64700,29.36356612,72.44927033,7272.025279,14502.01923,52607.61741,930.5153253,1922.196694,29168.11572,27040.87721,8.684632933,4434.169812,88.25449153,68.15758264,568.9724073,37427.88055,13.81434686,33.26214675,31.13254987,106.4496344,17.53427464,3.893043865,4.966050507,45.22763302,108.9708745,19.42317701,12.73128115,0.493380498,0.013038808,1.765005599,0.426822999,0.395666463,2.391865613,0.544811758,3.017190077,479.7908491,18.1907603,33.48584645,4.697070305,18.6760991,3.897649843,1.052622923,3.53352108,0.725363078,2.270142975,1.099530453,0.042124236,0.582831962,20.20412778,0.170515306,6.539198883,2.57860746
PLUM - GULLY - 71,Gully,0.001767857,67200,33.39879817,79.39052535,6790.204556,7442.105311,32147.20238,811.6548272,93.06134359,25174.22804,17884.90184,5.275130144,4392.354957,93.59647066,68.45166442,637.1585191,38561.49613,14.48145005,38.43901729,32.64289982,71.49019972,19.08827245,4.435280856,4.926228999,39.40168879,78.35889913,25.13849697,12.1249843,0.496716501,0.007715485,2.666911626,0.730213955,0.321019279,2.045189558,0.487952828,2.331353863,295.5627064,32.5982095,59.40524469,3.155100773,31.18965734,6.275199684,1.014787021,2.77770705,0.571407603,1.887301878,1.180853671,0.123748423,0.604583744,16.80423934,0.170042866,9.99711004,2.65749103
PLUM - GULLY - 72,Gully,0.001481752,49700,34.3631879,84.86302747,6512.819772,28433.55085,64848.77642,769.2670187,98.11418644,33679.96996,47402.40549,10.78833142,4156.241568,98.06759794,68.93643491,632.3143067,39334.67822,16.03186124,40.27892164,37.56889799,66.59283882,19.32826531,4.852359205,4.59213319,196.895442,107.8256711,47.49740541,11.30611205,0.483560974,0.010431185,4.658357251,0.684565373,0.273966349,1.974217774,0.472540526,3.664495705,469.5156772,76.3364604,130.4766767,7.086246305,58.80717353,12.40713712,1.901267471,5.099406377,1.026980233,3.02148544,1.161096984,0.09922275,0.580939176,14.96567214,0.166192561,20.81435439,2.763213503
PLUM - GULLY - 73,Gully,0.001409091,50800,33.01542598,92.49985552,6961.752181,19770.33483,58028.76333,935.7656997,571.5412187,31002.4801,36755.50294,10.43599469,4837.168749,97.12220601,73.2375923,559.6574694,41665.25908,14.90028462,44.93505066,35.77674758,72.64417675,18.33028556,4.782373024,4.757917365,56.60891084,104.1920098,23.27023574,12.29809226,0.458774592,0.011709888,2.087599194,0.397182353,0.21046329,2.197140157,0.5522108,3.649681321,472.2591767,22.35854018,42.30592783,6.52741663,22.88918993,5.428485138,1.332458478,4.882823812,0.977993251,2.924762786,1.115420915,0.044245684,0.645354491,13.11911846,0.184486653,9.440649324,2.804732346
PLUM - GULLY - 74,Gully,0.003261146,70200,27.9990388,58.4312348,7693.787406,7158.419877,44604.09499,858.5315041,131.8614967,27351.89941,8780.079115,5.457427993,4627.738096,84.53221965,63.26047592,575.4905238,33077.80493,12.05696051,29.49159039,23.82250763,74.2632344,16.58671432,3.276266093,4.785120012,62.71058481,85.34652791,11.72237915,12.35165727,0.509854065,0.008273444,1.263404734,0.81096032,0.383713406,1.874940621,0.450315446,2.196709228,414.1455971,20.87456909,32.17787455,1.854435056,17.1401219,3.385038289,0.677101541,1.463209722,0.297494992,1.118168052,1.201134087,0.135660488,0.570627518,16.00295822,0.148744656,7.752512383,3.651749138
PLUM - ROADWAY - 45,Roadway,0.003076923,117000,32.98283195,51.12258627,6833.883722,11917.33718,54148.84322,1169.38414,1022.316913,26913.5494,14832.20199,6.205775819,4098.077434,78.52321078,62.57044098,402.7549609,31543.43064,10.68937995,31.97493125,33.14746241,94.43592611,17.08562836,2.579469426,4.796899967,104.5883066,89.09140678,22.43981758,11.20306476,0.728100578,0.007604295,2.225145164,0.640042919,0.346398539,1.899483356,0.421570154,2.902256186,401.4784738,38.71828322,47.41652177,3.008406948,28.09271291,5.396210411,0.920481121,2.249302598,0.454253748,1.517833819,1.195574601,0.095378086,0.620258632,17.66441327,0.195528139,9.849717159,2.889218667
PLUM - ROADWAY - 46,Roadway,0.00280531,80000,33.58333033,62.59749954,6837.38799,8238.748768,48007.97863,1181.005799,720.0418704,27246.9385,10202.87277,7.401874949,4795.521147,87.40625711,69.36150892,337.3675297,36213.85397,11.08444904,33.61997592,38.86744142,140.0556532,19.01289489,2.957193746,4.998366828,43.29950943,87.39715567,10.54073739,12.81265027,0.622981589,0.008138743,1.003336518,0.59609085,0.340821555,2.115231434,0.474621845,2.431515076,440.8729304,12.92611853,21.85177705,2.008646253,12.14471556,1.831973462,0.527772366,1.756934592,0.357114841,1.237328518,1.21683238,0.078177377,0.640321272,17.36781201,0.188104006,5.825644877,3.065377268
PLUM - ROADWAY - 47,Roadway,0.003798742,136000,25.21252908,53.01915836,5845.325318,19068.97113,37751.89438,1045.572639,1038.836725,25398.28477,29257.29801,6.910152628,3317.722113,63.86991106,48.87597287,337.7774049,25842.87741,8.827896051,23.15210642,24.62026745,101.1305751,12.51213144,2.977833519,0.656259441,43.00672855,108.9649543,15.4621017,10.96956293,0.706581519,0.007429614,1.139723207,0.298954068,0.437200324,1.996434301,0.480185189,2.565451569,443.0113068,14.48750145,36.60649899,4.090177056,16.73092359,3.565473233,0.899563244,3.54486178,0.705943922,2.215157891,0.947100629,0.03182967,0.589149049,35.62854882,0.208237114,7.000125611,2.969229454
PLUM - ROADWAY - 48,Roadway,0.003756098,104000,25.44517553,54.66910911,5937.54376,17663.97187,38551.96867,697.3908325,747.9618517,30479.26304,23221.98045,5.863033634,3859.327612,65.43486044,53.99922612,294.1353442,25416.89556,7.906238912,21.78277179,21.47162736,82.47075779,13.55396569,2.621407711,1.501666577,19.37970287,96.54048492,9.816194249,12.15527402,0.734195106,0.006090969,0.649827809,0.291624778,0.396981332,2.030941505,0.509550675,2.030049096,440.3193588,6.566541374,18.81384435,2.080409647,8.846404956,2.041826764,0.553764262,2.404180292,0.497839153,1.717674724,1.536676514,0.03478256,0.577182713,49.73534144,0.190677432,4.977640481,2.703141493
PLUM - ROADWAY - 49,Roadway,0.003901235,105000,27.98536798,61.17771243,8435.285372,10386.52892,46376.54413,1228.124509,1464.091649,29332.79633,22425.68105,7.097371643,4403.07519,77.48063284,64.79243347,435.220539,32133.2177,10.6151244,26.37622623,28.49154409,109.7527669,15.68895333,3.227984685,4.830624841,39.99558645,119.0234082,15.97417682,11.48478267,0.560973344,0.011731913,1.333873591,0.354359179,0.294842915,2.018624724,0.479246604,2.713093683,429.2797082,16.04770527,30.25173742,4.303320593,16.71562219,3.587907929,0.949433118,3.157468844,0.63818146,1.995391521,1.121657762,0.043308978,0.599669812,21.36692522,0.199761879,6.389409075,2.538690424
PLUM - ROADWAY - 50,Roadway,0.002820755,122000,34.05719166,63.30266276,5903.907349,11245.21714,35474.55443,1356.062456,791.678354,29991.22373,10734.34618,4.85582063,4156.530964,78.72133479,61.15102666,464.9227045,32253.76083,10.77044068,27.3240257,26.17809178,92.37504653,15.32982999,3.664559204,1.132053062,24.21589773,83.06808871,6.925082766,13.38168811,0.713453177,0.006878358,0.521128404,0.386082302,0.481691253,2.233198444,0.478111971,2.551789466,411.9819831,8.864882864,19.25358982,2.616848185,10.45203899,2.121839863,0.545701277,1.890999278,0.386715679,1.319413823,1.205233227,0.034503716,0.681246486,22.76592653,0.220512732,5.381170185,4.275923216
PLUM - ROADWAY - 51,Roadway,0.002146893,107000,31.19166987,53.49316786,6116.662631,17258.71163,59800.55679,1205.876976,1247.817578,26579.51484,21252.9457,8.011998316,4155.04303,80.08065355,61.53882223,438.4077532,32871.04049,11.35453024,31.47132905,34.10640164,152.3553573,17.51398968,2.948865229,4.563977695,103.8929656,89.29288655,31.77821614,11.6148608,0.659625286,0.008718348,3.296846069,0.689956433,0.346032549,1.939953494,0.412167863,3.13021519,416.0176909,50.5210559,57.19323888,4.122493365,35.47387341,7.417129377,1.233764086,3.219902108,0.663306793,2.145773183,1.216216456,0.107495367,0.638043351,18.72034444,0.193991667,13.23911629,3.244295479
PLUM - ROADWAY - 53,Roadway,0.002143713,111000,29.07385489,70.5197256,7067.863145,15218.17098,55498.97009,1108.433831,1559.081575,29513.16073,26684.88548,8.618935329,4608.879285,83.67891202,65.92732463,528.8836272,34263.48431,11.82740929,28.39116756,28.91838983,138.7523897,16.74405992,3.273300312,4.82441043,50.06663491,97.29840121,18.02226355,12.08887864,0.633121266,0.01177119,1.763301587,0.445634336,0.356184313,2.301501097,0.51671586,3.154350948,454.9116187,17.62747724,31.47398095,4.733001468,17.08409709,3.956684604,1.050560666,3.692658993,0.746475359,2.386675362,1.093889358,0.05291789,0.651360863,20.37983602,0.181004333,7.796721636,3.18464404
PLUM - ROADWAY - 53-R,Roadway,0.003016575,98500,27.9820882,50.35278226,6752.022785,12242.02883,48186.89622,862.6560052,1263.283743,25718.76977,16470.69167,5.528978307,4390.466699,78.87155452,61.55509918,432.3796637,32878.83614,10.62413622,28.17611129,24.04077953,111.5332327,17.16851635,2.825513119,5.169639034,77.05271303,81.21871314,19.33630151,12.13995951,0.575250918,0.008081367,1.986318474,0.710920669,0.284513354,1.855379059,0.434403569,2.722537754,385.6830599,31.25470348,34.61182332,2.632005816,22.45141944,4.556188821,0.829787957,1.946542298,0.409506917,1.463232455,1.217267172,0.121726395,0.622935563,16.04415405,0.165210732,8.814041951,2.973157343
PLUM - ROADWAY - 54,Roadway,0.003871795,99100,22.58590022,45.0903649,7856.587617,8177.316116,43864.89678,1047.047551,1959.214298,27812.1385,17853.0431,6.61882059,4022.711167,68.01601139,54.94113859,470.8965311,28182.44927,9.586006502,24.96979656,24.90332038,96.23544605,13.59102165,3.00074188,5.513890781,40.87206,104.459819,13.66862614,11.27668051,0.613692736,0.013474016,1.393398825,0.413417163,0.36123451,1.681545504,0.428932342,2.511055737,453.9801684,14.09722215,23.44237836,3.650664657,14.21329632,3.015122344,0.888453369,2.673963731,0.551405749,1.772506256,0.965133789,0.04453386,0.572195803,17.19398472,0.15894876,5.152705223,2.873991285
PLUM - ROADWAY - 55,Roadway,0.00154023,107000,33.72069605,69.52632931,6478.58255,17461.97863,49089.60347,1157.001008,1259.71865,25352.71606,30045.40943,8.380101171,4596.903318,81.44378155,68.9515816,469.047979,35404.97545,11.84718192,40.36932611,31.22025955,271.1401552,16.66865417,3.174984995,5.022964771,36.4469669,99.04987277,16.3421509,11.86632194,0.661665229,0.009968091,1.393546513,0.384387783,0.441354433,2.264545457,0.483535369,3.101344028,407.3594898,14.0687142,24.84081157,3.892127699,14.47724783,3.388618866,0.871450873,3.272808729,0.675447888,2.122627101,1.072346006,0.037455007,0.64009732,24.20273578,0.190825797,6.336117292,3.13603462
PLUM - ROADWAY - 56    ,Roadway,0.003744681,142000,23.19629149,56.64281378,6594.50175,26180.82331,47771.09,1050.115534,1581.80315,25822.53039,10083.51674,8.574922329,4020.336916,63.00310732,48.91904229,313.5984585,26731.45724,9.057311607,22.52243429,31.16438119,122.3694393,12.04602998,2.789668393,1.589094562,73.30739437,106.5146251,18.2207585,9.308800775,0.639497492,0.011294563,1.710177185,0.272299149,0.3629187,1.49492679,0.437525073,2.43672814,418.7175533,22.97741342,44.70225418,5.44455537,20.80487445,4.03558001,0.95935743,3.343231708,0.663800806,1.939047535,0.773027315,0.04934736,0.456074168,16.32381709,0.126332187,6.436376819,2.246775987
PLUM - ROADWAY - 57,Roadway,0.00368306,116000,26.65818009,56.92925756,6065.5025,15000.90721,40814.76419,874.911542,731.4823641,29251.18022,18103.23715,6.786679458,4061.350307,71.70965951,52.19730615,417.2712635,26207.33122,9.473989471,22.43867557,22.65804265,70.78845605,13.39443905,3.422239391,2.103045088,27.56884333,99.26195627,10.95354213,12.95401659,0.681842557,0.006517648,0.740890962,0.327456318,0.356303579,1.851780338,0.506978522,2.184429254,481.1634611,10.78704073,26.1782799,3.160185923,12.78475442,2.673186829,0.681895639,2.713474167,0.553821893,1.898402746,1.093715157,0.03429525,0.597793119,31.27403259,0.181048773,5.924359095,2.932610176
PLUM - ROADWAY - 58,Roadway,0.003076923,112000,28.57635739,57.61632664,7960.907968,9845.032477,47244.45558,1103.039576,1342.079229,27562.58124,14469.36101,6.894609758,4322.418782,77.45749348,60.59336685,367.0135056,31857.18092,10.78011164,29.50014898,26.18753114,107.7437694,16.75958908,2.791221075,5.247603148,44.59617219,92.61769449,14.11935899,11.39510801,0.625561152,0.009232745,1.745707502,0.530334906,0.346427009,2.082988556,0.393713887,2.639012576,435.8008889,15.28013294,24.39350142,3.005780898,14.3684573,2.614173797,0.715047129,2.437231953,0.496873797,1.679279769,1.074830644,0.081333673,0.573876093,16.51950987,0.170632396,5.901314359,2.846608136
PLUM - ROADWAY - 59,Roadway,0.002306667,120000,28.79060528,49.77733464,7041.0637,8379.0632,33381.84931,1006.888469,1101.702634,23510.77682,18476.39813,5.320160861,3988.600484,72.74244735,57.86698167,395.7039276,27839.33559,9.967353628,27.31501208,28.34026384,92.14289904,15.59876822,2.415718679,4.458415041,38.76567159,88.39903976,24.01962489,11.03165201,0.685753692,0.008874009,2.542320007,0.702075895,0.365959317,1.949713572,0.449333592,2.210408976,337.4540969,30.02153494,43.96595614,2.943133245,26.97587716,5.78581313,1.013203781,2.618609433,0.53689917,1.738717026,1.348773366,0.113370242,0.574527948,30.68337266,0.174009447,9.181261501,3.214665985
